year_month,item_id,total_value,key,conf_lo,conf_hi
2011-01-01,FOODS_3_090,2755.0,ACTUAL,,
2011-02-01,FOODS_3_090,6306.0,ACTUAL,,
2011-03-01,FOODS_3_090,0.0,ACTUAL,,
2011-04-01,FOODS_3_090,0.0,ACTUAL,,
2011-05-01,FOODS_3_090,0.0,ACTUAL,,
2011-06-01,FOODS_3_090,0.0,ACTUAL,,
2011-07-01,FOODS_3_090,0.0,ACTUAL,,
2011-08-01,FOODS_3_090,0.0,ACTUAL,,
2011-09-01,FOODS_3_090,6169.0,ACTUAL,,
2011-10-01,FOODS_3_090,30156.0,ACTUAL,,
2011-11-01,FOODS_3_090,29115.0,ACTUAL,,
2011-12-01,FOODS_3_090,32163.0,ACTUAL,,
2012-01-01,FOODS_3_090,26323.0,ACTUAL,,
2012-02-01,FOODS_3_090,21347.0,ACTUAL,,
2012-03-01,FOODS_3_090,20779.0,ACTUAL,,
2012-04-01,FOODS_3_090,18544.0,ACTUAL,,
2012-05-01,FOODS_3_090,19091.0,ACTUAL,,
2012-06-01,FOODS_3_090,17740.0,ACTUAL,,
2012-07-01,FOODS_3_090,21255.0,ACTUAL,,
2012-08-01,FOODS_3_090,22325.0,ACTUAL,,
2012-09-01,FOODS_3_090,22007.0,ACTUAL,,
2012-10-01,FOODS_3_090,20073.0,ACTUAL,,
2012-11-01,FOODS_3_090,25228.0,ACTUAL,,
2012-12-01,FOODS_3_090,29760.0,ACTUAL,,
2013-01-01,FOODS_3_090,22766.0,ACTUAL,,
2013-02-01,FOODS_3_090,19123.0,ACTUAL,,
2013-03-01,FOODS_3_090,20320.0,ACTUAL,,
2013-04-01,FOODS_3_090,18185.0,ACTUAL,,
2013-05-01,FOODS_3_090,19155.0,ACTUAL,,
2013-06-01,FOODS_3_090,19112.0,ACTUAL,,
2013-07-01,FOODS_3_090,19763.0,ACTUAL,,
2013-08-01,FOODS_3_090,30095.0,ACTUAL,,
2013-09-01,FOODS_3_090,45377.0,ACTUAL,,
2013-10-01,FOODS_3_090,20969.0,ACTUAL,,
2013-11-01,FOODS_3_090,8075.0,ACTUAL,,
2013-12-01,FOODS_3_090,16338.0,ACTUAL,,
2014-01-01,FOODS_3_090,17613.0,ACTUAL,,
2014-02-01,FOODS_3_090,3939.0,ACTUAL,,
2014-03-01,FOODS_3_090,12732.0,ACTUAL,,
2014-04-01,FOODS_3_090,16228.0,ACTUAL,,
2014-05-01,FOODS_3_090,7326.0,ACTUAL,,
2014-06-01,FOODS_3_090,11500.0,ACTUAL,,
2014-07-01,FOODS_3_090,17646.0,ACTUAL,,
2014-08-01,FOODS_3_090,16606.0,ACTUAL,,
2014-09-01,FOODS_3_090,16921.0,ACTUAL,,
2014-10-01,FOODS_3_090,17005.0,ACTUAL,,
2014-11-01,FOODS_3_090,17480.0,ACTUAL,,
2014-12-01,FOODS_3_090,55.0,ACTUAL,,
2015-01-01,FOODS_3_090,16344.0,ACTUAL,,
2015-02-01,FOODS_3_090,6519.0,ACTUAL,,
2015-03-01,FOODS_3_090,10456.0,ACTUAL,,
2015-04-01,FOODS_3_090,16226.0,ACTUAL,,
2015-05-01,FOODS_3_090,8737.0,ACTUAL,,
2015-06-01,FOODS_3_090,10233.0,ACTUAL,,
2015-07-01,FOODS_3_090,19051.0,ACTUAL,,
2015-08-01,FOODS_3_090,17231.0,ACTUAL,,
2015-09-01,FOODS_3_090,16841.0,ACTUAL,,
2015-10-01,FOODS_3_090,17375.0,ACTUAL,,
2015-11-01,FOODS_3_090,17333.0,ACTUAL,,
2015-12-01,FOODS_3_090,929.0,ACTUAL,,
2016-01-01,FOODS_3_090,13459.0,ACTUAL,,
2016-02-01,FOODS_3_090,15796.0,ACTUAL,,
2016-03-01,FOODS_3_090,16921.0,ACTUAL,,
2016-04-01,FOODS_3_090,13613.0,ACTUAL,,
2016-05-31,FOODS_3_090,13429.0498046875,FUTURE,5246.453,21611.646
2016-06-30,FOODS_3_090,12191.0419921875,FUTURE,4008.4453,20373.639
2016-07-31,FOODS_3_090,17815.580078125,FUTURE,9632.983,25998.176
2016-08-31,FOODS_3_090,17783.884765625,FUTURE,9601.288,25966.48
2016-09-30,FOODS_3_090,17373.654296875,FUTURE,9191.058,25556.25
2016-10-31,FOODS_3_090,16835.474609375,FUTURE,8652.878,25018.07
2016-11-30,FOODS_3_090,17593.86328125,FUTURE,9411.267,25776.46
2016-12-31,FOODS_3_090,1579.5059814453125,FUTURE,-6603.091,9762.103
2017-01-31,FOODS_3_090,16502.27734375,FUTURE,8319.681,24684.875
2017-02-28,FOODS_3_090,16611.611328125,FUTURE,8429.015,24794.207
2017-03-31,FOODS_3_090,13567.1328125,FUTURE,5384.536,21749.73
2017-04-30,FOODS_3_090,12303.107421875,FUTURE,4120.5107,20485.703
2011-01-01,FOODS_3_120,0.0,ACTUAL,,
2011-02-01,FOODS_3_120,0.0,ACTUAL,,
2011-03-01,FOODS_3_120,0.0,ACTUAL,,
2011-04-01,FOODS_3_120,0.0,ACTUAL,,
2011-05-01,FOODS_3_120,0.0,ACTUAL,,
2011-06-01,FOODS_3_120,0.0,ACTUAL,,
2011-07-01,FOODS_3_120,0.0,ACTUAL,,
2011-08-01,FOODS_3_120,0.0,ACTUAL,,
2011-09-01,FOODS_3_120,0.0,ACTUAL,,
2011-10-01,FOODS_3_120,0.0,ACTUAL,,
2011-11-01,FOODS_3_120,0.0,ACTUAL,,
2011-12-01,FOODS_3_120,0.0,ACTUAL,,
2012-01-01,FOODS_3_120,34.0,ACTUAL,,
2012-02-01,FOODS_3_120,3342.0,ACTUAL,,
2012-03-01,FOODS_3_120,3694.0,ACTUAL,,
2012-04-01,FOODS_3_120,4620.0,ACTUAL,,
2012-05-01,FOODS_3_120,5314.0,ACTUAL,,
2012-06-01,FOODS_3_120,5223.0,ACTUAL,,
2012-07-01,FOODS_3_120,6604.0,ACTUAL,,
2012-08-01,FOODS_3_120,7812.0,ACTUAL,,
2012-09-01,FOODS_3_120,7751.0,ACTUAL,,
2012-10-01,FOODS_3_120,3733.0,ACTUAL,,
2012-11-01,FOODS_3_120,1486.0,ACTUAL,,
2012-12-01,FOODS_3_120,1322.0,ACTUAL,,
2013-01-01,FOODS_3_120,1534.0,ACTUAL,,
2013-02-01,FOODS_3_120,3254.0,ACTUAL,,
2013-03-01,FOODS_3_120,4500.0,ACTUAL,,
2013-04-01,FOODS_3_120,3929.0,ACTUAL,,
2013-05-01,FOODS_3_120,4429.0,ACTUAL,,
2013-06-01,FOODS_3_120,5346.0,ACTUAL,,
2013-07-01,FOODS_3_120,5357.0,ACTUAL,,
2013-08-01,FOODS_3_120,4148.0,ACTUAL,,
2013-09-01,FOODS_3_120,4925.0,ACTUAL,,
2013-10-01,FOODS_3_120,4480.0,ACTUAL,,
2013-11-01,FOODS_3_120,2475.0,ACTUAL,,
2013-12-01,FOODS_3_120,1591.0,ACTUAL,,
2014-01-01,FOODS_3_120,2964.0,ACTUAL,,
2014-02-01,FOODS_3_120,1902.0,ACTUAL,,
2014-03-01,FOODS_3_120,6396.0,ACTUAL,,
2014-04-01,FOODS_3_120,4520.0,ACTUAL,,
2014-05-01,FOODS_3_120,4989.0,ACTUAL,,
2014-06-01,FOODS_3_120,4857.0,ACTUAL,,
2014-07-01,FOODS_3_120,6172.0,ACTUAL,,
2014-08-01,FOODS_3_120,6880.0,ACTUAL,,
2014-09-01,FOODS_3_120,6425.0,ACTUAL,,
2014-10-01,FOODS_3_120,6958.0,ACTUAL,,
2014-11-01,FOODS_3_120,6251.0,ACTUAL,,
2014-12-01,FOODS_3_120,6880.0,ACTUAL,,
2015-01-01,FOODS_3_120,8558.0,ACTUAL,,
2015-02-01,FOODS_3_120,6864.0,ACTUAL,,
2015-03-01,FOODS_3_120,7044.0,ACTUAL,,
2015-04-01,FOODS_3_120,6200.0,ACTUAL,,
2015-05-01,FOODS_3_120,7740.0,ACTUAL,,
2015-06-01,FOODS_3_120,8789.0,ACTUAL,,
2015-07-01,FOODS_3_120,8812.0,ACTUAL,,
2015-08-01,FOODS_3_120,9450.0,ACTUAL,,
2015-09-01,FOODS_3_120,8280.0,ACTUAL,,
2015-10-01,FOODS_3_120,8006.0,ACTUAL,,
2015-11-01,FOODS_3_120,6836.0,ACTUAL,,
2015-12-01,FOODS_3_120,7825.0,ACTUAL,,
2016-01-01,FOODS_3_120,8027.0,ACTUAL,,
2016-02-01,FOODS_3_120,7403.0,ACTUAL,,
2016-03-01,FOODS_3_120,4847.0,ACTUAL,,
2016-04-01,FOODS_3_120,6326.0,ACTUAL,,
2016-05-31,FOODS_3_120,5990.59228515625,FUTURE,4204.6465,7776.538
2016-06-30,FOODS_3_120,6714.271484375,FUTURE,4928.326,8500.217
2016-07-31,FOODS_3_120,6536.95458984375,FUTURE,4751.009,8322.9
2016-08-31,FOODS_3_120,6320.46240234375,FUTURE,4534.5166,8106.408
2016-09-30,FOODS_3_120,6210.18701171875,FUTURE,4424.241,7996.133
2016-10-31,FOODS_3_120,6305.65087890625,FUTURE,4519.705,8091.5967
2016-11-30,FOODS_3_120,6024.51611328125,FUTURE,4238.5703,7810.462
2016-12-31,FOODS_3_120,5969.99609375,FUTURE,4184.051,7755.9414
2017-01-31,FOODS_3_120,5721.4091796875,FUTURE,3935.4636,7507.3545
2017-02-28,FOODS_3_120,5723.603515625,FUTURE,3937.658,7509.549
2017-03-31,FOODS_3_120,6125.51220703125,FUTURE,4339.5664,7911.458
2017-04-30,FOODS_3_120,6083.109375,FUTURE,4297.164,7869.0547
2011-01-01,FOODS_3_202,284.0,ACTUAL,,
2011-02-01,FOODS_3_202,3390.0,ACTUAL,,
2011-03-01,FOODS_3_202,3790.0,ACTUAL,,
2011-04-01,FOODS_3_202,3475.0,ACTUAL,,
2011-05-01,FOODS_3_202,3089.0,ACTUAL,,
2011-06-01,FOODS_3_202,3200.0,ACTUAL,,
2011-07-01,FOODS_3_202,4586.0,ACTUAL,,
2011-08-01,FOODS_3_202,4696.0,ACTUAL,,
2011-09-01,FOODS_3_202,4997.0,ACTUAL,,
2011-10-01,FOODS_3_202,7155.0,ACTUAL,,
2011-11-01,FOODS_3_202,6633.0,ACTUAL,,
2011-12-01,FOODS_3_202,6089.0,ACTUAL,,
2012-01-01,FOODS_3_202,5554.0,ACTUAL,,
2012-02-01,FOODS_3_202,6195.0,ACTUAL,,
2012-03-01,FOODS_3_202,6518.0,ACTUAL,,
2012-04-01,FOODS_3_202,5187.0,ACTUAL,,
2012-05-01,FOODS_3_202,5575.0,ACTUAL,,
2012-06-01,FOODS_3_202,5174.0,ACTUAL,,
2012-07-01,FOODS_3_202,5814.0,ACTUAL,,
2012-08-01,FOODS_3_202,5651.0,ACTUAL,,
2012-09-01,FOODS_3_202,5004.0,ACTUAL,,
2012-10-01,FOODS_3_202,4885.0,ACTUAL,,
2012-11-01,FOODS_3_202,5251.0,ACTUAL,,
2012-12-01,FOODS_3_202,5203.0,ACTUAL,,
2013-01-01,FOODS_3_202,4004.0,ACTUAL,,
2013-02-01,FOODS_3_202,4119.0,ACTUAL,,
2013-03-01,FOODS_3_202,5396.0,ACTUAL,,
2013-04-01,FOODS_3_202,4760.0,ACTUAL,,
2013-05-01,FOODS_3_202,5601.0,ACTUAL,,
2013-06-01,FOODS_3_202,5859.0,ACTUAL,,
2013-07-01,FOODS_3_202,6429.0,ACTUAL,,
2013-08-01,FOODS_3_202,5730.0,ACTUAL,,
2013-09-01,FOODS_3_202,4330.0,ACTUAL,,
2013-10-01,FOODS_3_202,4234.0,ACTUAL,,
2013-11-01,FOODS_3_202,4562.0,ACTUAL,,
2013-12-01,FOODS_3_202,2681.0,ACTUAL,,
2014-01-01,FOODS_3_202,4012.0,ACTUAL,,
2014-02-01,FOODS_3_202,3982.0,ACTUAL,,
2014-03-01,FOODS_3_202,1771.0,ACTUAL,,
2014-04-01,FOODS_3_202,4037.0,ACTUAL,,
2014-05-01,FOODS_3_202,5272.0,ACTUAL,,
2014-06-01,FOODS_3_202,1358.0,ACTUAL,,
2014-07-01,FOODS_3_202,5198.0,ACTUAL,,
2014-08-01,FOODS_3_202,1083.0,ACTUAL,,
2014-09-01,FOODS_3_202,5777.0,ACTUAL,,
2014-10-01,FOODS_3_202,4854.0,ACTUAL,,
2014-11-01,FOODS_3_202,4583.0,ACTUAL,,
2014-12-01,FOODS_3_202,5031.0,ACTUAL,,
2015-01-01,FOODS_3_202,4532.0,ACTUAL,,
2015-02-01,FOODS_3_202,4142.0,ACTUAL,,
2015-03-01,FOODS_3_202,2959.0,ACTUAL,,
2015-04-01,FOODS_3_202,2857.0,ACTUAL,,
2015-05-01,FOODS_3_202,5554.0,ACTUAL,,
2015-06-01,FOODS_3_202,1469.0,ACTUAL,,
2015-07-01,FOODS_3_202,6075.0,ACTUAL,,
2015-08-01,FOODS_3_202,2622.0,ACTUAL,,
2015-09-01,FOODS_3_202,4761.0,ACTUAL,,
2015-10-01,FOODS_3_202,6343.0,ACTUAL,,
2015-11-01,FOODS_3_202,5572.0,ACTUAL,,
2015-12-01,FOODS_3_202,6141.0,ACTUAL,,
2016-01-01,FOODS_3_202,5384.0,ACTUAL,,
2016-02-01,FOODS_3_202,5267.0,ACTUAL,,
2016-03-01,FOODS_3_202,5250.0,ACTUAL,,
2016-04-01,FOODS_3_202,4703.0,ACTUAL,,
2016-05-31,FOODS_3_202,5207.42626953125,FUTURE,3625.7598,6789.093
2016-06-30,FOODS_3_202,4556.59130859375,FUTURE,2974.9248,6138.258
2016-07-31,FOODS_3_202,4570.35546875,FUTURE,2988.689,6152.022
2016-08-31,FOODS_3_202,4836.11376953125,FUTURE,3254.4473,6417.7803
2016-09-30,FOODS_3_202,4877.8662109375,FUTURE,3296.1997,6459.5327
2016-10-31,FOODS_3_202,5851.90869140625,FUTURE,4270.242,7433.575
2016-11-30,FOODS_3_202,5985.30078125,FUTURE,4403.6343,7566.9673
2016-12-31,FOODS_3_202,5489.99951171875,FUTURE,3908.333,7071.666
2017-01-31,FOODS_3_202,5212.01953125,FUTURE,3630.353,6793.686
2017-02-28,FOODS_3_202,5216.77734375,FUTURE,3635.1108,6798.444
2017-03-31,FOODS_3_202,5070.7021484375,FUTURE,3489.0356,6652.3687
2017-04-30,FOODS_3_202,4328.43017578125,FUTURE,2746.7637,5910.0967
2011-01-01,FOODS_3_226,497.0,ACTUAL,,
2011-02-01,FOODS_3_226,4789.0,ACTUAL,,
2011-03-01,FOODS_3_226,4858.0,ACTUAL,,
2011-04-01,FOODS_3_226,4737.0,ACTUAL,,
2011-05-01,FOODS_3_226,4654.0,ACTUAL,,
2011-06-01,FOODS_3_226,4532.0,ACTUAL,,
2011-07-01,FOODS_3_226,5498.0,ACTUAL,,
2011-08-01,FOODS_3_226,5270.0,ACTUAL,,
2011-09-01,FOODS_3_226,4108.0,ACTUAL,,
2011-10-01,FOODS_3_226,4574.0,ACTUAL,,
2011-11-01,FOODS_3_226,4925.0,ACTUAL,,
2011-12-01,FOODS_3_226,5870.0,ACTUAL,,
2012-01-01,FOODS_3_226,4252.0,ACTUAL,,
2012-02-01,FOODS_3_226,4143.0,ACTUAL,,
2012-03-01,FOODS_3_226,4774.0,ACTUAL,,
2012-04-01,FOODS_3_226,5056.0,ACTUAL,,
2012-05-01,FOODS_3_226,5899.0,ACTUAL,,
2012-06-01,FOODS_3_226,6405.0,ACTUAL,,
2012-07-01,FOODS_3_226,5937.0,ACTUAL,,
2012-08-01,FOODS_3_226,6283.0,ACTUAL,,
2012-09-01,FOODS_3_226,5635.0,ACTUAL,,
2012-10-01,FOODS_3_226,5466.0,ACTUAL,,
2012-11-01,FOODS_3_226,6321.0,ACTUAL,,
2012-12-01,FOODS_3_226,6640.0,ACTUAL,,
2013-01-01,FOODS_3_226,4974.0,ACTUAL,,
2013-02-01,FOODS_3_226,6201.0,ACTUAL,,
2013-03-01,FOODS_3_226,6978.0,ACTUAL,,
2013-04-01,FOODS_3_226,5840.0,ACTUAL,,
2013-05-01,FOODS_3_226,6498.0,ACTUAL,,
2013-06-01,FOODS_3_226,6266.0,ACTUAL,,
2013-07-01,FOODS_3_226,6671.0,ACTUAL,,
2013-08-01,FOODS_3_226,7065.0,ACTUAL,,
2013-09-01,FOODS_3_226,6606.0,ACTUAL,,
2013-10-01,FOODS_3_226,6125.0,ACTUAL,,
2013-11-01,FOODS_3_226,6135.0,ACTUAL,,
2013-12-01,FOODS_3_226,6443.0,ACTUAL,,
2014-01-01,FOODS_3_226,4808.0,ACTUAL,,
2014-02-01,FOODS_3_226,5651.0,ACTUAL,,
2014-03-01,FOODS_3_226,6167.0,ACTUAL,,
2014-04-01,FOODS_3_226,6064.0,ACTUAL,,
2014-05-01,FOODS_3_226,6245.0,ACTUAL,,
2014-06-01,FOODS_3_226,6256.0,ACTUAL,,
2014-07-01,FOODS_3_226,6859.0,ACTUAL,,
2014-08-01,FOODS_3_226,7485.0,ACTUAL,,
2014-09-01,FOODS_3_226,6206.0,ACTUAL,,
2014-10-01,FOODS_3_226,6163.0,ACTUAL,,
2014-11-01,FOODS_3_226,6140.0,ACTUAL,,
2014-12-01,FOODS_3_226,6669.0,ACTUAL,,
2015-01-01,FOODS_3_226,5294.0,ACTUAL,,
2015-02-01,FOODS_3_226,5524.0,ACTUAL,,
2015-03-01,FOODS_3_226,5666.0,ACTUAL,,
2015-04-01,FOODS_3_226,5314.0,ACTUAL,,
2015-05-01,FOODS_3_226,5260.0,ACTUAL,,
2015-06-01,FOODS_3_226,5475.0,ACTUAL,,
2015-07-01,FOODS_3_226,6540.0,ACTUAL,,
2015-08-01,FOODS_3_226,6864.0,ACTUAL,,
2015-09-01,FOODS_3_226,5942.0,ACTUAL,,
2015-10-01,FOODS_3_226,6083.0,ACTUAL,,
2015-11-01,FOODS_3_226,5683.0,ACTUAL,,
2015-12-01,FOODS_3_226,6167.0,ACTUAL,,
2016-01-01,FOODS_3_226,4976.0,ACTUAL,,
2016-02-01,FOODS_3_226,5873.0,ACTUAL,,
2016-03-01,FOODS_3_226,6109.0,ACTUAL,,
2016-04-01,FOODS_3_226,4674.0,ACTUAL,,
2016-05-31,FOODS_3_226,4830.994140625,FUTURE,4284.6016,5377.3867
2016-06-30,FOODS_3_226,5244.5029296875,FUTURE,4698.1104,5790.8955
2016-07-31,FOODS_3_226,5923.041015625,FUTURE,5376.6484,6469.4336
2016-08-31,FOODS_3_226,6256.552734375,FUTURE,5710.16,6802.9453
2016-09-30,FOODS_3_226,5491.9443359375,FUTURE,4945.552,6038.337
2016-10-31,FOODS_3_226,5612.56884765625,FUTURE,5066.1763,6158.9614
2016-11-30,FOODS_3_226,5489.8681640625,FUTURE,4943.4756,6036.2607
2016-12-31,FOODS_3_226,5703.0048828125,FUTURE,5156.6123,6249.3975
2017-01-31,FOODS_3_226,4973.34521484375,FUTURE,4426.9526,5519.738
2017-02-28,FOODS_3_226,5385.32373046875,FUTURE,4838.931,5931.7163
2017-03-31,FOODS_3_226,5152.83349609375,FUTURE,4606.441,5699.226
2017-04-30,FOODS_3_226,4706.431640625,FUTURE,4160.039,5252.824
2011-01-01,FOODS_3_252,719.0,ACTUAL,,
2011-02-01,FOODS_3_252,7187.0,ACTUAL,,
2011-03-01,FOODS_3_252,7838.0,ACTUAL,,
2011-04-01,FOODS_3_252,8562.0,ACTUAL,,
2011-05-01,FOODS_3_252,9077.0,ACTUAL,,
2011-06-01,FOODS_3_252,10255.0,ACTUAL,,
2011-07-01,FOODS_3_252,11445.0,ACTUAL,,
2011-08-01,FOODS_3_252,13079.0,ACTUAL,,
2011-09-01,FOODS_3_252,10520.0,ACTUAL,,
2011-10-01,FOODS_3_252,9590.0,ACTUAL,,
2011-11-01,FOODS_3_252,8238.0,ACTUAL,,
2011-12-01,FOODS_3_252,8044.0,ACTUAL,,
2012-01-01,FOODS_3_252,6479.0,ACTUAL,,
2012-02-01,FOODS_3_252,7267.0,ACTUAL,,
2012-03-01,FOODS_3_252,8392.0,ACTUAL,,
2012-04-01,FOODS_3_252,8258.0,ACTUAL,,
2012-05-01,FOODS_3_252,10052.0,ACTUAL,,
2012-06-01,FOODS_3_252,11018.0,ACTUAL,,
2012-07-01,FOODS_3_252,10972.0,ACTUAL,,
2012-08-01,FOODS_3_252,11974.0,ACTUAL,,
2012-09-01,FOODS_3_252,9843.0,ACTUAL,,
2012-10-01,FOODS_3_252,8952.0,ACTUAL,,
2012-11-01,FOODS_3_252,8439.0,ACTUAL,,
2012-12-01,FOODS_3_252,8281.0,ACTUAL,,
2013-01-01,FOODS_3_252,6162.0,ACTUAL,,
2013-02-01,FOODS_3_252,7083.0,ACTUAL,,
2013-03-01,FOODS_3_252,8469.0,ACTUAL,,
2013-04-01,FOODS_3_252,7836.0,ACTUAL,,
2013-05-01,FOODS_3_252,9429.0,ACTUAL,,
2013-06-01,FOODS_3_252,10982.0,ACTUAL,,
2013-07-01,FOODS_3_252,11028.0,ACTUAL,,
2013-08-01,FOODS_3_252,12633.0,ACTUAL,,
2013-09-01,FOODS_3_252,9447.0,ACTUAL,,
2013-10-01,FOODS_3_252,8079.0,ACTUAL,,
2013-11-01,FOODS_3_252,7946.0,ACTUAL,,
2013-12-01,FOODS_3_252,7406.0,ACTUAL,,
2014-01-01,FOODS_3_252,6036.0,ACTUAL,,
2014-02-01,FOODS_3_252,6594.0,ACTUAL,,
2014-03-01,FOODS_3_252,8033.0,ACTUAL,,
2014-04-01,FOODS_3_252,7927.0,ACTUAL,,
2014-05-01,FOODS_3_252,9845.0,ACTUAL,,
2014-06-01,FOODS_3_252,9710.0,ACTUAL,,
2014-07-01,FOODS_3_252,10128.0,ACTUAL,,
2014-08-01,FOODS_3_252,11107.0,ACTUAL,,
2014-09-01,FOODS_3_252,8862.0,ACTUAL,,
2014-10-01,FOODS_3_252,9214.0,ACTUAL,,
2014-11-01,FOODS_3_252,7636.0,ACTUAL,,
2014-12-01,FOODS_3_252,7981.0,ACTUAL,,
2015-01-01,FOODS_3_252,6099.0,ACTUAL,,
2015-02-01,FOODS_3_252,7092.0,ACTUAL,,
2015-03-01,FOODS_3_252,8330.0,ACTUAL,,
2015-04-01,FOODS_3_252,8387.0,ACTUAL,,
2015-05-01,FOODS_3_252,8519.0,ACTUAL,,
2015-06-01,FOODS_3_252,10305.0,ACTUAL,,
2015-07-01,FOODS_3_252,12137.0,ACTUAL,,
2015-08-01,FOODS_3_252,13461.0,ACTUAL,,
2015-09-01,FOODS_3_252,10004.0,ACTUAL,,
2015-10-01,FOODS_3_252,9559.0,ACTUAL,,
2015-11-01,FOODS_3_252,8154.0,ACTUAL,,
2015-12-01,FOODS_3_252,8802.0,ACTUAL,,
2016-01-01,FOODS_3_252,6659.0,ACTUAL,,
2016-02-01,FOODS_3_252,8159.0,ACTUAL,,
2016-03-01,FOODS_3_252,8522.0,ACTUAL,,
2016-04-01,FOODS_3_252,7056.0,ACTUAL,,
2016-05-31,FOODS_3_252,9255.9736328125,FUTURE,7829.537,10682.41
2016-06-30,FOODS_3_252,10877.9228515625,FUTURE,9451.486,12304.359
2016-07-31,FOODS_3_252,11029.29296875,FUTURE,9602.856,12455.7295
2016-08-31,FOODS_3_252,12141.09375,FUTURE,10714.657,13567.53
2016-09-30,FOODS_3_252,9771.5908203125,FUTURE,8345.154,11198.027
2016-10-31,FOODS_3_252,8301.2578125,FUTURE,6874.8213,9727.694
2016-11-30,FOODS_3_252,8776.232421875,FUTURE,7349.796,10202.669
2016-12-31,FOODS_3_252,8695.908203125,FUTURE,7269.4717,10122.345
2017-01-31,FOODS_3_252,7058.80322265625,FUTURE,5632.367,8485.239
2017-02-28,FOODS_3_252,7912.6884765625,FUTURE,6486.252,9339.125
2017-03-31,FOODS_3_252,7063.55859375,FUTURE,5637.122,8489.995
2017-04-30,FOODS_3_252,7257.25390625,FUTURE,5830.8174,8683.69
2011-01-01,FOODS_3_555,850.0,ACTUAL,,
2011-02-01,FOODS_3_555,7863.0,ACTUAL,,
2011-03-01,FOODS_3_555,8909.0,ACTUAL,,
2011-04-01,FOODS_3_555,9139.0,ACTUAL,,
2011-05-01,FOODS_3_555,9202.0,ACTUAL,,
2011-06-01,FOODS_3_555,9539.0,ACTUAL,,
2011-07-01,FOODS_3_555,10719.0,ACTUAL,,
2011-08-01,FOODS_3_555,12284.0,ACTUAL,,
2011-09-01,FOODS_3_555,10373.0,ACTUAL,,
2011-10-01,FOODS_3_555,10441.0,ACTUAL,,
2011-11-01,FOODS_3_555,9776.0,ACTUAL,,
2011-12-01,FOODS_3_555,10308.0,ACTUAL,,
2012-01-01,FOODS_3_555,7745.0,ACTUAL,,
2012-02-01,FOODS_3_555,8270.0,ACTUAL,,
2012-03-01,FOODS_3_555,9288.0,ACTUAL,,
2012-04-01,FOODS_3_555,8693.0,ACTUAL,,
2012-05-01,FOODS_3_555,9378.0,ACTUAL,,
2012-06-01,FOODS_3_555,9637.0,ACTUAL,,
2012-07-01,FOODS_3_555,9538.0,ACTUAL,,
2012-08-01,FOODS_3_555,10840.0,ACTUAL,,
2012-09-01,FOODS_3_555,8729.0,ACTUAL,,
2012-10-01,FOODS_3_555,8859.0,ACTUAL,,
2012-11-01,FOODS_3_555,8979.0,ACTUAL,,
2012-12-01,FOODS_3_555,9219.0,ACTUAL,,
2013-01-01,FOODS_3_555,6828.0,ACTUAL,,
2013-02-01,FOODS_3_555,7648.0,ACTUAL,,
2013-03-01,FOODS_3_555,7368.0,ACTUAL,,
2013-04-01,FOODS_3_555,6605.0,ACTUAL,,
2013-05-01,FOODS_3_555,7411.0,ACTUAL,,
2013-06-01,FOODS_3_555,7937.0,ACTUAL,,
2013-07-01,FOODS_3_555,7884.0,ACTUAL,,
2013-08-01,FOODS_3_555,8689.0,ACTUAL,,
2013-09-01,FOODS_3_555,6897.0,ACTUAL,,
2013-10-01,FOODS_3_555,7017.0,ACTUAL,,
2013-11-01,FOODS_3_555,6967.0,ACTUAL,,
2013-12-01,FOODS_3_555,7498.0,ACTUAL,,
2014-01-01,FOODS_3_555,5697.0,ACTUAL,,
2014-02-01,FOODS_3_555,6115.0,ACTUAL,,
2014-03-01,FOODS_3_555,6453.0,ACTUAL,,
2014-04-01,FOODS_3_555,6501.0,ACTUAL,,
2014-05-01,FOODS_3_555,6854.0,ACTUAL,,
2014-06-01,FOODS_3_555,7022.0,ACTUAL,,
2014-07-01,FOODS_3_555,6987.0,ACTUAL,,
2014-08-01,FOODS_3_555,6622.0,ACTUAL,,
2014-09-01,FOODS_3_555,5980.0,ACTUAL,,
2014-10-01,FOODS_3_555,6177.0,ACTUAL,,
2014-11-01,FOODS_3_555,6271.0,ACTUAL,,
2014-12-01,FOODS_3_555,7244.0,ACTUAL,,
2015-01-01,FOODS_3_555,5658.0,ACTUAL,,
2015-02-01,FOODS_3_555,6034.0,ACTUAL,,
2015-03-01,FOODS_3_555,6475.0,ACTUAL,,
2015-04-01,FOODS_3_555,5911.0,ACTUAL,,
2015-05-01,FOODS_3_555,5966.0,ACTUAL,,
2015-06-01,FOODS_3_555,6304.0,ACTUAL,,
2015-07-01,FOODS_3_555,7394.0,ACTUAL,,
2015-08-01,FOODS_3_555,8149.0,ACTUAL,,
2015-09-01,FOODS_3_555,6833.0,ACTUAL,,
2015-10-01,FOODS_3_555,7419.0,ACTUAL,,
2015-11-01,FOODS_3_555,6805.0,ACTUAL,,
2015-12-01,FOODS_3_555,7524.0,ACTUAL,,
2016-01-01,FOODS_3_555,6025.0,ACTUAL,,
2016-02-01,FOODS_3_555,6647.0,ACTUAL,,
2016-03-01,FOODS_3_555,7009.0,ACTUAL,,
2016-04-01,FOODS_3_555,5884.0,ACTUAL,,
2016-05-31,FOODS_3_555,6874.59912109375,FUTURE,5913.118,7836.08
2016-06-30,FOODS_3_555,7062.4169921875,FUTURE,6100.936,8023.898
2016-07-31,FOODS_3_555,7303.3095703125,FUTURE,6341.8286,8264.791
2016-08-31,FOODS_3_555,7730.8564453125,FUTURE,6769.3755,8692.338
2016-09-30,FOODS_3_555,7150.18359375,FUTURE,6188.7026,8111.6646
2016-10-31,FOODS_3_555,7449.10791015625,FUTURE,6487.627,8410.589
2016-11-30,FOODS_3_555,7366.0126953125,FUTURE,6404.5317,8327.494
2016-12-31,FOODS_3_555,7422.77783203125,FUTURE,6461.297,8384.259
2017-01-31,FOODS_3_555,6818.83447265625,FUTURE,5857.3535,7780.3154
2017-02-28,FOODS_3_555,6842.904296875,FUTURE,5881.4233,7804.3853
2017-03-31,FOODS_3_555,6133.80615234375,FUTURE,5172.325,7095.287
2017-04-30,FOODS_3_555,6145.271484375,FUTURE,5183.7905,7106.7524
2011-01-01,FOODS_3_586,1323.0,ACTUAL,,
2011-02-01,FOODS_3_586,13154.0,ACTUAL,,
2011-03-01,FOODS_3_586,14416.0,ACTUAL,,
2011-04-01,FOODS_3_586,15067.0,ACTUAL,,
2011-05-01,FOODS_3_586,15437.0,ACTUAL,,
2011-06-01,FOODS_3_586,15797.0,ACTUAL,,
2011-07-01,FOODS_3_586,17017.0,ACTUAL,,
2011-08-01,FOODS_3_586,19722.0,ACTUAL,,
2011-09-01,FOODS_3_586,17292.0,ACTUAL,,
2011-10-01,FOODS_3_586,18026.0,ACTUAL,,
2011-11-01,FOODS_3_586,17153.0,ACTUAL,,
2011-12-01,FOODS_3_586,18380.0,ACTUAL,,
2012-01-01,FOODS_3_586,13819.0,ACTUAL,,
2012-02-01,FOODS_3_586,14352.0,ACTUAL,,
2012-03-01,FOODS_3_586,15666.0,ACTUAL,,
2012-04-01,FOODS_3_586,15379.0,ACTUAL,,
2012-05-01,FOODS_3_586,16086.0,ACTUAL,,
2012-06-01,FOODS_3_586,16275.0,ACTUAL,,
2012-07-01,FOODS_3_586,16271.0,ACTUAL,,
2012-08-01,FOODS_3_586,18535.0,ACTUAL,,
2012-09-01,FOODS_3_586,16306.0,ACTUAL,,
2012-10-01,FOODS_3_586,16315.0,ACTUAL,,
2012-11-01,FOODS_3_586,16141.0,ACTUAL,,
2012-12-01,FOODS_3_586,17597.0,ACTUAL,,
2013-01-01,FOODS_3_586,12920.0,ACTUAL,,
2013-02-01,FOODS_3_586,13379.0,ACTUAL,,
2013-03-01,FOODS_3_586,14443.0,ACTUAL,,
2013-04-01,FOODS_3_586,12928.0,ACTUAL,,
2013-05-01,FOODS_3_586,13940.0,ACTUAL,,
2013-06-01,FOODS_3_586,15049.0,ACTUAL,,
2013-07-01,FOODS_3_586,15352.0,ACTUAL,,
2013-08-01,FOODS_3_586,17342.0,ACTUAL,,
2013-09-01,FOODS_3_586,13858.0,ACTUAL,,
2013-10-01,FOODS_3_586,13637.0,ACTUAL,,
2013-11-01,FOODS_3_586,13627.0,ACTUAL,,
2013-12-01,FOODS_3_586,14197.0,ACTUAL,,
2014-01-01,FOODS_3_586,11000.0,ACTUAL,,
2014-02-01,FOODS_3_586,11202.0,ACTUAL,,
2014-03-01,FOODS_3_586,12239.0,ACTUAL,,
2014-04-01,FOODS_3_586,12108.0,ACTUAL,,
2014-05-01,FOODS_3_586,12818.0,ACTUAL,,
2014-06-01,FOODS_3_586,13663.0,ACTUAL,,
2014-07-01,FOODS_3_586,16799.0,ACTUAL,,
2014-08-01,FOODS_3_586,18391.0,ACTUAL,,
2014-09-01,FOODS_3_586,14442.0,ACTUAL,,
2014-10-01,FOODS_3_586,14374.0,ACTUAL,,
2014-11-01,FOODS_3_586,13355.0,ACTUAL,,
2014-12-01,FOODS_3_586,14530.0,ACTUAL,,
2015-01-01,FOODS_3_586,11123.0,ACTUAL,,
2015-02-01,FOODS_3_586,11175.0,ACTUAL,,
2015-03-01,FOODS_3_586,11721.0,ACTUAL,,
2015-04-01,FOODS_3_586,11911.0,ACTUAL,,
2015-05-01,FOODS_3_586,13398.0,ACTUAL,,
2015-06-01,FOODS_3_586,14290.0,ACTUAL,,
2015-07-01,FOODS_3_586,16012.0,ACTUAL,,
2015-08-01,FOODS_3_586,16993.0,ACTUAL,,
2015-09-01,FOODS_3_586,13416.0,ACTUAL,,
2015-10-01,FOODS_3_586,14543.0,ACTUAL,,
2015-11-01,FOODS_3_586,13733.0,ACTUAL,,
2015-12-01,FOODS_3_586,14603.0,ACTUAL,,
2016-01-01,FOODS_3_586,11367.0,ACTUAL,,
2016-02-01,FOODS_3_586,12222.0,ACTUAL,,
2016-03-01,FOODS_3_586,12556.0,ACTUAL,,
2016-04-01,FOODS_3_586,10060.0,ACTUAL,,
2016-05-31,FOODS_3_586,12234.33203125,FUTURE,11266.473,13202.191
2016-06-30,FOODS_3_586,13633.98828125,FUTURE,12666.129,14601.848
2016-07-31,FOODS_3_586,15566.970703125,FUTURE,14599.111,16534.83
2016-08-31,FOODS_3_586,16721.130859375,FUTURE,15753.271,17688.99
2016-09-30,FOODS_3_586,13489.970703125,FUTURE,12522.111,14457.83
2016-10-31,FOODS_3_586,14040.74609375,FUTURE,13072.887,15008.605
2016-11-30,FOODS_3_586,14120.2490234375,FUTURE,13152.39,15088.108
2016-12-31,FOODS_3_586,14126.80078125,FUTURE,13158.941,15094.66
2017-01-31,FOODS_3_586,10790.2392578125,FUTURE,9822.38,11758.099
2017-02-28,FOODS_3_586,10790.1416015625,FUTURE,9822.282,11758.001
2017-03-31,FOODS_3_586,10110.4169921875,FUTURE,9142.558,11078.276
2017-04-30,FOODS_3_586,10096.80859375,FUTURE,9128.949,11064.668
2011-01-01,FOODS_3_587,885.0,ACTUAL,,
2011-02-01,FOODS_3_587,9979.0,ACTUAL,,
2011-03-01,FOODS_3_587,9084.0,ACTUAL,,
2011-04-01,FOODS_3_587,10215.0,ACTUAL,,
2011-05-01,FOODS_3_587,9197.0,ACTUAL,,
2011-06-01,FOODS_3_587,7798.0,ACTUAL,,
2011-07-01,FOODS_3_587,8063.0,ACTUAL,,
2011-08-01,FOODS_3_587,8825.0,ACTUAL,,
2011-09-01,FOODS_3_587,7619.0,ACTUAL,,
2011-10-01,FOODS_3_587,8079.0,ACTUAL,,
2011-11-01,FOODS_3_587,8126.0,ACTUAL,,
2011-12-01,FOODS_3_587,7168.0,ACTUAL,,
2012-01-01,FOODS_3_587,8189.0,ACTUAL,,
2012-02-01,FOODS_3_587,7377.0,ACTUAL,,
2012-03-01,FOODS_3_587,8204.0,ACTUAL,,
2012-04-01,FOODS_3_587,7381.0,ACTUAL,,
2012-05-01,FOODS_3_587,8045.0,ACTUAL,,
2012-06-01,FOODS_3_587,6050.0,ACTUAL,,
2012-07-01,FOODS_3_587,5599.0,ACTUAL,,
2012-08-01,FOODS_3_587,5895.0,ACTUAL,,
2012-09-01,FOODS_3_587,5990.0,ACTUAL,,
2012-10-01,FOODS_3_587,7316.0,ACTUAL,,
2012-11-01,FOODS_3_587,6572.0,ACTUAL,,
2012-12-01,FOODS_3_587,7050.0,ACTUAL,,
2013-01-01,FOODS_3_587,7799.0,ACTUAL,,
2013-02-01,FOODS_3_587,186.0,ACTUAL,,
2013-03-01,FOODS_3_587,784.0,ACTUAL,,
2013-04-01,FOODS_3_587,402.0,ACTUAL,,
2013-05-01,FOODS_3_587,47.0,ACTUAL,,
2013-06-01,FOODS_3_587,94.0,ACTUAL,,
2013-07-01,FOODS_3_587,63.0,ACTUAL,,
2013-08-01,FOODS_3_587,631.0,ACTUAL,,
2013-09-01,FOODS_3_587,992.0,ACTUAL,,
2013-10-01,FOODS_3_587,1616.0,ACTUAL,,
2013-11-01,FOODS_3_587,1850.0,ACTUAL,,
2013-12-01,FOODS_3_587,2101.0,ACTUAL,,
2014-01-01,FOODS_3_587,3074.0,ACTUAL,,
2014-02-01,FOODS_3_587,7248.0,ACTUAL,,
2014-03-01,FOODS_3_587,7980.0,ACTUAL,,
2014-04-01,FOODS_3_587,6828.0,ACTUAL,,
2014-05-01,FOODS_3_587,6856.0,ACTUAL,,
2014-06-01,FOODS_3_587,7632.0,ACTUAL,,
2014-07-01,FOODS_3_587,6912.0,ACTUAL,,
2014-08-01,FOODS_3_587,4747.0,ACTUAL,,
2014-09-01,FOODS_3_587,3860.0,ACTUAL,,
2014-10-01,FOODS_3_587,6627.0,ACTUAL,,
2014-11-01,FOODS_3_587,9052.0,ACTUAL,,
2014-12-01,FOODS_3_587,8141.0,ACTUAL,,
2015-01-01,FOODS_3_587,8744.0,ACTUAL,,
2015-02-01,FOODS_3_587,7397.0,ACTUAL,,
2015-03-01,FOODS_3_587,8064.0,ACTUAL,,
2015-04-01,FOODS_3_587,6918.0,ACTUAL,,
2015-05-01,FOODS_3_587,7800.0,ACTUAL,,
2015-06-01,FOODS_3_587,8212.0,ACTUAL,,
2015-07-01,FOODS_3_587,8155.0,ACTUAL,,
2015-08-01,FOODS_3_587,7570.0,ACTUAL,,
2015-09-01,FOODS_3_587,7484.0,ACTUAL,,
2015-10-01,FOODS_3_587,7907.0,ACTUAL,,
2015-11-01,FOODS_3_587,6864.0,ACTUAL,,
2015-12-01,FOODS_3_587,6839.0,ACTUAL,,
2016-01-01,FOODS_3_587,8101.0,ACTUAL,,
2016-02-01,FOODS_3_587,8204.0,ACTUAL,,
2016-03-01,FOODS_3_587,7624.0,ACTUAL,,
2016-04-01,FOODS_3_587,6008.0,ACTUAL,,
2016-05-31,FOODS_3_587,6392.35302734375,FUTURE,5670.6807,7114.0254
2016-06-30,FOODS_3_587,6496.5087890625,FUTURE,5774.837,7218.1807
2016-07-31,FOODS_3_587,6413.42626953125,FUTURE,5691.754,7135.0986
2016-08-31,FOODS_3_587,6202.0537109375,FUTURE,5480.382,6923.7256
2016-09-30,FOODS_3_587,6301.66943359375,FUTURE,5579.997,7023.342
2016-10-31,FOODS_3_587,6160.6083984375,FUTURE,5438.9365,6882.2803
2016-11-30,FOODS_3_587,5995.0439453125,FUTURE,5273.372,6716.716
2016-12-31,FOODS_3_587,6064.68359375,FUTURE,5343.0117,6786.3555
2017-01-31,FOODS_3_587,6506.24951171875,FUTURE,5784.577,7227.922
2017-02-28,FOODS_3_587,6446.89794921875,FUTURE,5725.2256,7168.5703
2017-03-31,FOODS_3_587,6264.69140625,FUTURE,5543.0195,6986.3633
2017-04-30,FOODS_3_587,5968.71044921875,FUTURE,5247.038,6690.383
2011-01-01,FOODS_3_635,399.0,ACTUAL,,
2011-02-01,FOODS_3_635,2828.0,ACTUAL,,
2011-03-01,FOODS_3_635,3745.0,ACTUAL,,
2011-04-01,FOODS_3_635,4769.0,ACTUAL,,
2011-05-01,FOODS_3_635,6071.0,ACTUAL,,
2011-06-01,FOODS_3_635,8962.0,ACTUAL,,
2011-07-01,FOODS_3_635,7774.0,ACTUAL,,
2011-08-01,FOODS_3_635,5161.0,ACTUAL,,
2011-09-01,FOODS_3_635,3678.0,ACTUAL,,
2011-10-01,FOODS_3_635,2261.0,ACTUAL,,
2011-11-01,FOODS_3_635,2054.0,ACTUAL,,
2011-12-01,FOODS_3_635,2400.0,ACTUAL,,
2012-01-01,FOODS_3_635,3654.0,ACTUAL,,
2012-02-01,FOODS_3_635,3813.0,ACTUAL,,
2012-03-01,FOODS_3_635,4097.0,ACTUAL,,
2012-04-01,FOODS_3_635,4524.0,ACTUAL,,
2012-05-01,FOODS_3_635,7883.0,ACTUAL,,
2012-06-01,FOODS_3_635,9680.0,ACTUAL,,
2012-07-01,FOODS_3_635,8440.0,ACTUAL,,
2012-08-01,FOODS_3_635,9010.0,ACTUAL,,
2012-09-01,FOODS_3_635,6335.0,ACTUAL,,
2012-10-01,FOODS_3_635,5086.0,ACTUAL,,
2012-11-01,FOODS_3_635,3020.0,ACTUAL,,
2012-12-01,FOODS_3_635,2859.0,ACTUAL,,
2013-01-01,FOODS_3_635,3199.0,ACTUAL,,
2013-02-01,FOODS_3_635,4202.0,ACTUAL,,
2013-03-01,FOODS_3_635,6326.0,ACTUAL,,
2013-04-01,FOODS_3_635,5684.0,ACTUAL,,
2013-05-01,FOODS_3_635,7325.0,ACTUAL,,
2013-06-01,FOODS_3_635,10491.0,ACTUAL,,
2013-07-01,FOODS_3_635,10423.0,ACTUAL,,
2013-08-01,FOODS_3_635,10655.0,ACTUAL,,
2013-09-01,FOODS_3_635,6108.0,ACTUAL,,
2013-10-01,FOODS_3_635,2428.0,ACTUAL,,
2013-11-01,FOODS_3_635,2612.0,ACTUAL,,
2013-12-01,FOODS_3_635,2695.0,ACTUAL,,
2014-01-01,FOODS_3_635,3161.0,ACTUAL,,
2014-02-01,FOODS_3_635,3552.0,ACTUAL,,
2014-03-01,FOODS_3_635,5131.0,ACTUAL,,
2014-04-01,FOODS_3_635,5153.0,ACTUAL,,
2014-05-01,FOODS_3_635,5373.0,ACTUAL,,
2014-06-01,FOODS_3_635,6693.0,ACTUAL,,
2014-07-01,FOODS_3_635,8055.0,ACTUAL,,
2014-08-01,FOODS_3_635,7840.0,ACTUAL,,
2014-09-01,FOODS_3_635,5461.0,ACTUAL,,
2014-10-01,FOODS_3_635,248.0,ACTUAL,,
2014-11-01,FOODS_3_635,758.0,ACTUAL,,
2014-12-01,FOODS_3_635,2527.0,ACTUAL,,
2015-01-01,FOODS_3_635,2785.0,ACTUAL,,
2015-02-01,FOODS_3_635,2776.0,ACTUAL,,
2015-03-01,FOODS_3_635,4668.0,ACTUAL,,
2015-04-01,FOODS_3_635,729.0,ACTUAL,,
2015-05-01,FOODS_3_635,8.0,ACTUAL,,
2015-06-01,FOODS_3_635,3564.0,ACTUAL,,
2015-07-01,FOODS_3_635,4380.0,ACTUAL,,
2015-08-01,FOODS_3_635,5087.0,ACTUAL,,
2015-09-01,FOODS_3_635,4356.0,ACTUAL,,
2015-10-01,FOODS_3_635,1117.0,ACTUAL,,
2015-11-01,FOODS_3_635,6.0,ACTUAL,,
2015-12-01,FOODS_3_635,180.0,ACTUAL,,
2016-01-01,FOODS_3_635,3033.0,ACTUAL,,
2016-02-01,FOODS_3_635,2521.0,ACTUAL,,
2016-03-01,FOODS_3_635,2320.0,ACTUAL,,
2016-04-01,FOODS_3_635,1.0,ACTUAL,,
2016-05-31,FOODS_3_635,79.16085815429688,FUTURE,-1288.0874,1446.4092
2016-06-30,FOODS_3_635,3346.11669921875,FUTURE,1978.8684,4713.365
2016-07-31,FOODS_3_635,3688.495361328125,FUTURE,2321.247,5055.7437
2016-08-31,FOODS_3_635,3349.22265625,FUTURE,1981.9744,4716.4707
2016-09-30,FOODS_3_635,3616.49951171875,FUTURE,2249.2512,4983.748
2016-10-31,FOODS_3_635,1879.6983642578125,FUTURE,512.4501,3246.9468
2016-11-30,FOODS_3_635,169.8359375,FUTURE,-1197.4124,1537.0842
2016-12-31,FOODS_3_635,296.2752685546875,FUTURE,-1070.973,1663.5236
2017-01-31,FOODS_3_635,2929.299072265625,FUTURE,1562.0508,4296.5474
2017-02-28,FOODS_3_635,2494.84033203125,FUTURE,1127.592,3862.0886
2017-03-31,FOODS_3_635,2147.948974609375,FUTURE,780.7007,3515.1973
2017-04-30,FOODS_3_635,480.6614990234375,FUTURE,-886.5868,1847.9098
2011-01-01,FOODS_3_694,708.0,ACTUAL,,
2011-02-01,FOODS_3_694,6362.0,ACTUAL,,
2011-03-01,FOODS_3_694,6260.0,ACTUAL,,
2011-04-01,FOODS_3_694,6366.0,ACTUAL,,
2011-05-01,FOODS_3_694,6118.0,ACTUAL,,
2011-06-01,FOODS_3_694,6183.0,ACTUAL,,
2011-07-01,FOODS_3_694,6830.0,ACTUAL,,
2011-08-01,FOODS_3_694,7229.0,ACTUAL,,
2011-09-01,FOODS_3_694,5621.0,ACTUAL,,
2011-10-01,FOODS_3_694,5850.0,ACTUAL,,
2011-11-01,FOODS_3_694,5880.0,ACTUAL,,
2011-12-01,FOODS_3_694,7217.0,ACTUAL,,
2012-01-01,FOODS_3_694,5155.0,ACTUAL,,
2012-02-01,FOODS_3_694,4976.0,ACTUAL,,
2012-03-01,FOODS_3_694,5621.0,ACTUAL,,
2012-04-01,FOODS_3_694,5788.0,ACTUAL,,
2012-05-01,FOODS_3_694,6487.0,ACTUAL,,
2012-06-01,FOODS_3_694,7366.0,ACTUAL,,
2012-07-01,FOODS_3_694,7289.0,ACTUAL,,
2012-08-01,FOODS_3_694,7599.0,ACTUAL,,
2012-09-01,FOODS_3_694,6701.0,ACTUAL,,
2012-10-01,FOODS_3_694,6068.0,ACTUAL,,
2012-11-01,FOODS_3_694,6831.0,ACTUAL,,
2012-12-01,FOODS_3_694,7493.0,ACTUAL,,
2013-01-01,FOODS_3_694,4909.0,ACTUAL,,
2013-02-01,FOODS_3_694,6478.0,ACTUAL,,
2013-03-01,FOODS_3_694,7665.0,ACTUAL,,
2013-04-01,FOODS_3_694,6310.0,ACTUAL,,
2013-05-01,FOODS_3_694,6743.0,ACTUAL,,
2013-06-01,FOODS_3_694,6653.0,ACTUAL,,
2013-07-01,FOODS_3_694,6683.0,ACTUAL,,
2013-08-01,FOODS_3_694,7622.0,ACTUAL,,
2013-09-01,FOODS_3_694,7090.0,ACTUAL,,
2013-10-01,FOODS_3_694,7169.0,ACTUAL,,
2013-11-01,FOODS_3_694,6817.0,ACTUAL,,
2013-12-01,FOODS_3_694,6701.0,ACTUAL,,
2014-01-01,FOODS_3_694,4749.0,ACTUAL,,
2014-02-01,FOODS_3_694,5651.0,ACTUAL,,
2014-03-01,FOODS_3_694,5994.0,ACTUAL,,
2014-04-01,FOODS_3_694,5462.0,ACTUAL,,
2014-05-01,FOODS_3_694,5754.0,ACTUAL,,
2014-06-01,FOODS_3_694,5689.0,ACTUAL,,
2014-07-01,FOODS_3_694,6313.0,ACTUAL,,
2014-08-01,FOODS_3_694,6971.0,ACTUAL,,
2014-09-01,FOODS_3_694,5635.0,ACTUAL,,
2014-10-01,FOODS_3_694,5657.0,ACTUAL,,
2014-11-01,FOODS_3_694,6012.0,ACTUAL,,
2014-12-01,FOODS_3_694,6180.0,ACTUAL,,
2015-01-01,FOODS_3_694,4921.0,ACTUAL,,
2015-02-01,FOODS_3_694,5111.0,ACTUAL,,
2015-03-01,FOODS_3_694,5716.0,ACTUAL,,
2015-04-01,FOODS_3_694,5255.0,ACTUAL,,
2015-05-01,FOODS_3_694,5764.0,ACTUAL,,
2015-06-01,FOODS_3_694,5557.0,ACTUAL,,
2015-07-01,FOODS_3_694,6182.0,ACTUAL,,
2015-08-01,FOODS_3_694,6512.0,ACTUAL,,
2015-09-01,FOODS_3_694,5674.0,ACTUAL,,
2015-10-01,FOODS_3_694,6094.0,ACTUAL,,
2015-11-01,FOODS_3_694,5990.0,ACTUAL,,
2015-12-01,FOODS_3_694,6204.0,ACTUAL,,
2016-01-01,FOODS_3_694,4745.0,ACTUAL,,
2016-02-01,FOODS_3_694,5756.0,ACTUAL,,
2016-03-01,FOODS_3_694,6496.0,ACTUAL,,
2016-04-01,FOODS_3_694,5119.0,ACTUAL,,
2016-05-31,FOODS_3_694,5800.15673828125,FUTURE,5141.8706,6458.443
2016-06-30,FOODS_3_694,5575.30419921875,FUTURE,4917.018,6233.5903
2016-07-31,FOODS_3_694,6019.53857421875,FUTURE,5361.2524,6677.8247
2016-08-31,FOODS_3_694,6310.6796875,FUTURE,5652.3936,6968.966
2016-09-30,FOODS_3_694,5877.96337890625,FUTURE,5219.6772,6536.2495
2016-10-31,FOODS_3_694,5925.42578125,FUTURE,5267.1396,6583.712
2016-11-30,FOODS_3_694,5822.85498046875,FUTURE,5164.569,6481.141
2016-12-31,FOODS_3_694,6022.68798828125,FUTURE,5364.402,6680.974
2017-01-31,FOODS_3_694,5264.4599609375,FUTURE,4606.174,5922.746
2017-02-28,FOODS_3_694,6166.7001953125,FUTURE,5508.414,6824.9863
2017-03-31,FOODS_3_694,5738.00634765625,FUTURE,5079.72,6396.2925
2017-04-30,FOODS_3_694,5121.6962890625,FUTURE,4463.41,5779.9824
2011-01-01,FOODS_3_714,594.0,ACTUAL,,
2011-02-01,FOODS_3_714,5401.0,ACTUAL,,
2011-03-01,FOODS_3_714,5867.0,ACTUAL,,
2011-04-01,FOODS_3_714,6754.0,ACTUAL,,
2011-05-01,FOODS_3_714,7110.0,ACTUAL,,
2011-06-01,FOODS_3_714,7687.0,ACTUAL,,
2011-07-01,FOODS_3_714,9394.0,ACTUAL,,
2011-08-01,FOODS_3_714,8710.0,ACTUAL,,
2011-09-01,FOODS_3_714,5880.0,ACTUAL,,
2011-10-01,FOODS_3_714,5353.0,ACTUAL,,
2011-11-01,FOODS_3_714,5266.0,ACTUAL,,
2011-12-01,FOODS_3_714,5529.0,ACTUAL,,
2012-01-01,FOODS_3_714,4277.0,ACTUAL,,
2012-02-01,FOODS_3_714,5058.0,ACTUAL,,
2012-03-01,FOODS_3_714,5988.0,ACTUAL,,
2012-04-01,FOODS_3_714,5888.0,ACTUAL,,
2012-05-01,FOODS_3_714,6845.0,ACTUAL,,
2012-06-01,FOODS_3_714,8883.0,ACTUAL,,
2012-07-01,FOODS_3_714,8689.0,ACTUAL,,
2012-08-01,FOODS_3_714,8127.0,ACTUAL,,
2012-09-01,FOODS_3_714,6218.0,ACTUAL,,
2012-10-01,FOODS_3_714,5574.0,ACTUAL,,
2012-11-01,FOODS_3_714,5475.0,ACTUAL,,
2012-12-01,FOODS_3_714,5259.0,ACTUAL,,
2013-01-01,FOODS_3_714,3693.0,ACTUAL,,
2013-02-01,FOODS_3_714,5405.0,ACTUAL,,
2013-03-01,FOODS_3_714,6946.0,ACTUAL,,
2013-04-01,FOODS_3_714,6334.0,ACTUAL,,
2013-05-01,FOODS_3_714,7096.0,ACTUAL,,
2013-06-01,FOODS_3_714,8034.0,ACTUAL,,
2013-07-01,FOODS_3_714,7825.0,ACTUAL,,
2013-08-01,FOODS_3_714,8109.0,ACTUAL,,
2013-09-01,FOODS_3_714,6801.0,ACTUAL,,
2013-10-01,FOODS_3_714,6542.0,ACTUAL,,
2013-11-01,FOODS_3_714,5866.0,ACTUAL,,
2013-12-01,FOODS_3_714,5829.0,ACTUAL,,
2014-01-01,FOODS_3_714,4473.0,ACTUAL,,
2014-02-01,FOODS_3_714,4836.0,ACTUAL,,
2014-03-01,FOODS_3_714,6232.0,ACTUAL,,
2014-04-01,FOODS_3_714,6537.0,ACTUAL,,
2014-05-01,FOODS_3_714,7368.0,ACTUAL,,
2014-06-01,FOODS_3_714,7649.0,ACTUAL,,
2014-07-01,FOODS_3_714,8422.0,ACTUAL,,
2014-08-01,FOODS_3_714,8946.0,ACTUAL,,
2014-09-01,FOODS_3_714,6485.0,ACTUAL,,
2014-10-01,FOODS_3_714,6101.0,ACTUAL,,
2014-11-01,FOODS_3_714,5857.0,ACTUAL,,
2014-12-01,FOODS_3_714,5859.0,ACTUAL,,
2015-01-01,FOODS_3_714,4807.0,ACTUAL,,
2015-02-01,FOODS_3_714,4839.0,ACTUAL,,
2015-03-01,FOODS_3_714,5229.0,ACTUAL,,
2015-04-01,FOODS_3_714,4796.0,ACTUAL,,
2015-05-01,FOODS_3_714,5623.0,ACTUAL,,
2015-06-01,FOODS_3_714,6318.0,ACTUAL,,
2015-07-01,FOODS_3_714,7513.0,ACTUAL,,
2015-08-01,FOODS_3_714,8010.0,ACTUAL,,
2015-09-01,FOODS_3_714,6341.0,ACTUAL,,
2015-10-01,FOODS_3_714,5854.0,ACTUAL,,
2015-11-01,FOODS_3_714,5041.0,ACTUAL,,
2015-12-01,FOODS_3_714,4941.0,ACTUAL,,
2016-01-01,FOODS_3_714,4096.0,ACTUAL,,
2016-02-01,FOODS_3_714,5035.0,ACTUAL,,
2016-03-01,FOODS_3_714,5747.0,ACTUAL,,
2016-04-01,FOODS_3_714,4911.0,ACTUAL,,
2016-05-31,FOODS_3_714,5923.248046875,FUTURE,5097.752,6748.744
2016-06-30,FOODS_3_714,6939.30908203125,FUTURE,6113.813,7764.805
2016-07-31,FOODS_3_714,7907.171875,FUTURE,7081.676,8732.668
2016-08-31,FOODS_3_714,7539.138671875,FUTURE,6713.6426,8364.635
2016-09-30,FOODS_3_714,6326.1171875,FUTURE,5500.621,7151.6133
2016-10-31,FOODS_3_714,5291.93115234375,FUTURE,4466.435,6117.4272
2016-11-30,FOODS_3_714,4987.7099609375,FUTURE,4162.214,5813.206
2016-12-31,FOODS_3_714,5085.4189453125,FUTURE,4259.923,5910.915
2017-01-31,FOODS_3_714,4246.8759765625,FUTURE,3421.38,5072.372
2017-02-28,FOODS_3_714,5074.455078125,FUTURE,4248.959,5899.951
2017-03-31,FOODS_3_714,5092.798828125,FUTURE,4267.3027,5918.295
2017-04-30,FOODS_3_714,4936.724609375,FUTURE,4111.2285,5762.2207
2011-01-01,FOODS_3_723,744.0,ACTUAL,,
2011-02-01,FOODS_3_723,1958.0,ACTUAL,,
2011-03-01,FOODS_3_723,0.0,ACTUAL,,
2011-04-01,FOODS_3_723,0.0,ACTUAL,,
2011-05-01,FOODS_3_723,3.0,ACTUAL,,
2011-06-01,FOODS_3_723,1.0,ACTUAL,,
2011-07-01,FOODS_3_723,0.0,ACTUAL,,
2011-08-01,FOODS_3_723,0.0,ACTUAL,,
2011-09-01,FOODS_3_723,1391.0,ACTUAL,,
2011-10-01,FOODS_3_723,6780.0,ACTUAL,,
2011-11-01,FOODS_3_723,7508.0,ACTUAL,,
2011-12-01,FOODS_3_723,7985.0,ACTUAL,,
2012-01-01,FOODS_3_723,6156.0,ACTUAL,,
2012-02-01,FOODS_3_723,6086.0,ACTUAL,,
2012-03-01,FOODS_3_723,5890.0,ACTUAL,,
2012-04-01,FOODS_3_723,5160.0,ACTUAL,,
2012-05-01,FOODS_3_723,4826.0,ACTUAL,,
2012-06-01,FOODS_3_723,4585.0,ACTUAL,,
2012-07-01,FOODS_3_723,5505.0,ACTUAL,,
2012-08-01,FOODS_3_723,5592.0,ACTUAL,,
2012-09-01,FOODS_3_723,5705.0,ACTUAL,,
2012-10-01,FOODS_3_723,5446.0,ACTUAL,,
2012-11-01,FOODS_3_723,7294.0,ACTUAL,,
2012-12-01,FOODS_3_723,9718.0,ACTUAL,,
2013-01-01,FOODS_3_723,6504.0,ACTUAL,,
2013-02-01,FOODS_3_723,6368.0,ACTUAL,,
2013-03-01,FOODS_3_723,6545.0,ACTUAL,,
2013-04-01,FOODS_3_723,5112.0,ACTUAL,,
2013-05-01,FOODS_3_723,5124.0,ACTUAL,,
2013-06-01,FOODS_3_723,4710.0,ACTUAL,,
2013-07-01,FOODS_3_723,4863.0,ACTUAL,,
2013-08-01,FOODS_3_723,7184.0,ACTUAL,,
2013-09-01,FOODS_3_723,10466.0,ACTUAL,,
2013-10-01,FOODS_3_723,6005.0,ACTUAL,,
2013-11-01,FOODS_3_723,5470.0,ACTUAL,,
2013-12-01,FOODS_3_723,7519.0,ACTUAL,,
2014-01-01,FOODS_3_723,5358.0,ACTUAL,,
2014-02-01,FOODS_3_723,1210.0,ACTUAL,,
2014-03-01,FOODS_3_723,3760.0,ACTUAL,,
2014-04-01,FOODS_3_723,4868.0,ACTUAL,,
2014-05-01,FOODS_3_723,2183.0,ACTUAL,,
2014-06-01,FOODS_3_723,3037.0,ACTUAL,,
2014-07-01,FOODS_3_723,4749.0,ACTUAL,,
2014-08-01,FOODS_3_723,4298.0,ACTUAL,,
2014-09-01,FOODS_3_723,4415.0,ACTUAL,,
2014-10-01,FOODS_3_723,4168.0,ACTUAL,,
2014-11-01,FOODS_3_723,4681.0,ACTUAL,,
2014-12-01,FOODS_3_723,31.0,ACTUAL,,
2015-01-01,FOODS_3_723,4430.0,ACTUAL,,
2015-02-01,FOODS_3_723,1816.0,ACTUAL,,
2015-03-01,FOODS_3_723,2863.0,ACTUAL,,
2015-04-01,FOODS_3_723,4836.0,ACTUAL,,
2015-05-01,FOODS_3_723,2422.0,ACTUAL,,
2015-06-01,FOODS_3_723,3981.0,ACTUAL,,
2015-07-01,FOODS_3_723,5781.0,ACTUAL,,
2015-08-01,FOODS_3_723,5320.0,ACTUAL,,
2015-09-01,FOODS_3_723,5063.0,ACTUAL,,
2015-10-01,FOODS_3_723,4750.0,ACTUAL,,
2015-11-01,FOODS_3_723,5024.0,ACTUAL,,
2015-12-01,FOODS_3_723,348.0,ACTUAL,,
2016-01-01,FOODS_3_723,4833.0,ACTUAL,,
2016-02-01,FOODS_3_723,5588.0,ACTUAL,,
2016-03-01,FOODS_3_723,5760.0,ACTUAL,,
2016-04-01,FOODS_3_723,4557.0,ACTUAL,,
2016-05-31,FOODS_3_723,5186.90185546875,FUTURE,4242.2256,6131.578
2016-06-30,FOODS_3_723,4165.20068359375,FUTURE,3220.5244,5109.877
2016-07-31,FOODS_3_723,4887.23291015625,FUTURE,3942.5566,5831.909
2016-08-31,FOODS_3_723,4784.4541015625,FUTURE,3839.7778,5729.1304
2016-09-30,FOODS_3_723,4626.34765625,FUTURE,3681.6714,5571.024
2016-10-31,FOODS_3_723,4459.125,FUTURE,3514.4487,5403.8013
2016-11-30,FOODS_3_723,4644.99072265625,FUTURE,3700.3145,5589.667
2016-12-31,FOODS_3_723,725.9345092773438,FUTURE,-218.7417,1670.6107
2017-01-31,FOODS_3_723,5393.81591796875,FUTURE,4449.1396,6338.492
2017-02-28,FOODS_3_723,5431.458984375,FUTURE,4486.7827,6376.1353
2017-03-31,FOODS_3_723,4559.19482421875,FUTURE,3614.5186,5503.871
2017-04-30,FOODS_3_723,4453.42138671875,FUTURE,3508.745,5398.0977
